Fecha,Local,Visitante,Puntos_L,Puntos_V,Total_Puntos,Diferencia
2022-08-05,Las Vegas Raiders,Jacksonville Jaguars,27,11,38,16
2022-08-11,New England Patriots,New York Giants,21,23,44,-2
2022-08-11,Baltimore Ravens,Tennessee Titans,23,10,33,13
2022-08-12,Detroit Lions,Atlanta Falcons,23,27,50,-4
2022-08-12,Jacksonville Jaguars,Cleveland Browns,13,24,37,-11
2022-08-12,Cincinnati Bengals,Arizona Cardinals,23,36,59,-13
2022-08-12,Philadelphia Eagles,New York Jets,21,24,45,-3
2022-08-13,San Francisco 49ers,Green Bay Packers,28,21,49,7
2022-08-13,Chicago Bears,Kansas City Chiefs,19,14,33,5
2022-08-13,Washington Commanders,Carolina Panthers,21,23,44,-2
2022-08-13,Buffalo Bills,Indianapolis Colts,27,24,51,3
2022-08-13,Pittsburgh Steelers,Seattle Seahawks,32,25,57,7
2022-08-13,Tampa Bay Buccaneers,Miami Dolphins,24,26,50,-2
2022-08-14,Houston Texans,New Orleans Saints,17,13,30,4
2022-08-14,Denver Broncos,Dallas Cowboys,17,7,24,10
2022-08-14,Los Angeles Chargers,Los Angeles Rams,22,29,51,-7
2022-08-14,Las Vegas Raiders,Minnesota Vikings,26,20,46,6
2022-08-19,Seattle Seahawks,Chicago Bears,11,27,38,-16
2022-08-19,New England Patriots,Carolina Panthers,20,10,30,10
2022-08-20,Green Bay Packers,New Orleans Saints,20,10,30,10
2022-08-20,Los Angeles Rams,Houston Texans,20,24,44,-4
2022-08-20,Buffalo Bills,Denver Broncos,42,15,57,27
2022-08-20,Indianapolis Colts,Detroit Lions,26,27,53,-1
2022-08-20,Kansas City Chiefs,Washington Commanders,24,14,38,10
2022-08-20,Tennessee Titans,Tampa Bay Buccaneers,13,3,16,10
2022-08-20,Miami Dolphins,Las Vegas Raiders,13,15,28,-2
2022-08-20,Minnesota Vikings,San Francisco 49ers,7,17,24,-10
2022-08-20,Jacksonville Jaguars,Pittsburgh Steelers,15,16,31,-1
2022-08-21,Los Angeles Chargers,Dallas Cowboys,18,32,50,-14
2022-08-21,Cleveland Browns,Philadelphia Eagles,20,21,41,-1
2022-08-21,New York Giants,Cincinnati Bengals,25,22,47,3
2022-08-22,Arizona Cardinals,Baltimore Ravens,17,24,41,-7
2022-08-23,New York Jets,Atlanta Falcons,24,16,40,8
2022-08-26,Kansas City Chiefs,Green Bay Packers,17,10,27,7
2022-08-26,Houston Texans,San Francisco 49ers,17,0,17,17
2022-08-26,Carolina Panthers,Buffalo Bills,21,0,21,21
2022-08-27,Dallas Cowboys,Seattle Seahawks,27,26,53,1
2022-08-27,New Orleans Saints,Los Angeles Chargers,27,10,37,17
2022-08-27,Las Vegas Raiders,New England Patriots,23,6,29,17
2022-08-27,Atlanta Falcons,Jacksonville Jaguars,28,12,40,16
2022-08-27,Cincinnati Bengals,Los Angeles Rams,16,7,23,9
2022-08-27,Cleveland Browns,Chicago Bears,20,21,41,-1
2022-08-27,Tennessee Titans,Arizona Cardinals,26,23,49,3
2022-08-27,Miami Dolphins,Philadelphia Eagles,48,10,58,38
2022-08-27,Baltimore Ravens,Washington Commanders,17,15,32,2
2022-08-27,Indianapolis Colts,Tampa Bay Buccaneers,27,10,37,17
2022-08-28,Denver Broncos,Minnesota Vikings,23,13,36,10
2022-08-28,New York Jets,New York Giants,31,27,58,4
2022-08-28,Pittsburgh Steelers,Detroit Lions,19,9,28,10
2022-09-09,Los Angeles Rams,Buffalo Bills,10,31,41,-21
2022-09-11,Atlanta Falcons,New Orleans Saints,26,27,53,-1
2022-09-11,Chicago Bears,San Francisco 49ers,19,10,29,9
2022-09-11,Cincinnati Bengals,Pittsburgh Steelers,20,23,43,-3
2022-09-11,Detroit Lions,Philadelphia Eagles,35,38,73,-3
2022-09-11,Miami Dolphins,New England Patriots,20,7,27,13
2022-09-11,New York Jets,Baltimore Ravens,9,24,33,-15
2022-09-11,Washington Commanders,Jacksonville Jaguars,28,22,50,6
2022-09-11,Carolina Panthers,Cleveland Browns,24,26,50,-2
2022-09-11,Houston Texans,Indianapolis Colts,20,20,40,0
2022-09-11,Tennessee Titans,New York Giants,20,21,41,-1
2022-09-11,Minnesota Vikings,Green Bay Packers,23,7,30,16
2022-09-11,Arizona Cardinals,Kansas City Chiefs,21,44,65,-23
2022-09-11,Los Angeles Chargers,Las Vegas Raiders,24,19,43,5
2022-09-12,Dallas Cowboys,Tampa Bay Buccaneers,3,19,22,-16
2022-09-13,Seattle Seahawks,Denver Broncos,17,16,33,1
2022-09-16,Kansas City Chiefs,Los Angeles Chargers,27,24,51,3
2022-09-18,Cleveland Browns,New York Jets,30,31,61,-1
2022-09-18,Detroit Lions,Washington Commanders,36,27,63,9
2022-09-18,New Orleans Saints,Tampa Bay Buccaneers,10,20,30,-10
2022-09-18,New York Giants,Carolina Panthers,19,16,35,3
2022-09-18,Pittsburgh Steelers,New England Patriots,14,17,31,-3
2022-09-18,Jacksonville Jaguars,Indianapolis Colts,24,0,24,24
2022-09-18,Baltimore Ravens,Miami Dolphins,38,42,80,-4
2022-09-18,Los Angeles Rams,Atlanta Falcons,31,27,58,4
2022-09-18,San Francisco 49ers,Seattle Seahawks,27,7,34,20
2022-09-18,Dallas Cowboys,Cincinnati Bengals,20,17,37,3
2022-09-18,Denver Broncos,Houston Texans,16,9,25,7
2022-09-18,Las Vegas Raiders,Arizona Cardinals,23,29,52,-6
2022-09-19,Green Bay Packers,Chicago Bears,27,10,37,17
2022-09-19,Buffalo Bills,Tennessee Titans,41,7,48,34
2022-09-20,Philadelphia Eagles,Minnesota Vikings,24,7,31,17
2022-09-23,Cleveland Browns,Pittsburgh Steelers,29,17,46,12
2022-09-25,Chicago Bears,Houston Texans,23,20,43,3
2022-09-25,Tennessee Titans,Las Vegas Raiders,24,22,46,2
2022-09-25,Indianapolis Colts,Kansas City Chiefs,20,17,37,3
2022-09-25,Miami Dolphins,Buffalo Bills,21,19,40,2
2022-09-25,Minnesota Vikings,Detroit Lions,28,24,52,4
2022-09-25,New England Patriots,Baltimore Ravens,26,37,63,-11
2022-09-25,New York Jets,Cincinnati Bengals,12,27,39,-15
2022-09-25,Washington Commanders,Philadelphia Eagles,8,24,32,-16
2022-09-25,Carolina Panthers,New Orleans Saints,22,14,36,8
2022-09-25,Los Angeles Chargers,Jacksonville Jaguars,10,38,48,-28
2022-09-25,Arizona Cardinals,Los Angeles Rams,12,20,32,-8
2022-09-25,Seattle Seahawks,Atlanta Falcons,23,27,50,-4
2022-09-25,Tampa Bay Buccaneers,Green Bay Packers,12,14,26,-2
2022-09-26,Denver Broncos,San Francisco 49ers,11,10,21,1
2022-09-27,New York Giants,Dallas Cowboys,16,23,39,-7
2022-09-30,Cincinnati Bengals,Miami Dolphins,27,15,42,12
2022-10-02,New Orleans Saints,Minnesota Vikings,25,28,53,-3
2022-10-02,Atlanta Falcons,Cleveland Browns,23,20,43,3
2022-10-02,Dallas Cowboys,Washington Commanders,25,10,35,15
2022-10-02,Detroit Lions,Seattle Seahawks,45,48,93,-3
2022-10-02,Indianapolis Colts,Tennessee Titans,17,24,41,-7
2022-10-02,New York Giants,Chicago Bears,20,12,32,8
2022-10-02,Philadelphia Eagles,Jacksonville Jaguars,29,21,50,8
2022-10-02,Pittsburgh Steelers,New York Jets,20,24,44,-4
2022-10-02,Baltimore Ravens,Buffalo Bills,20,23,43,-3
2022-10-02,Houston Texans,Los Angeles Chargers,24,34,58,-10
2022-10-02,Carolina Panthers,Arizona Cardinals,16,26,42,-10
2022-10-02,Green Bay Packers,New England Patriots,27,24,51,3
2022-10-02,Las Vegas Raiders,Denver Broncos,32,23,55,9
2022-10-03,Tampa Bay Buccaneers,Kansas City Chiefs,31,41,72,-10
2022-10-04,San Francisco 49ers,Los Angeles Rams,24,9,33,15
2022-10-07,Denver Broncos,Indianapolis Colts,9,12,21,-3
2022-10-09,Green Bay Packers,New York Giants,22,27,49,-5
2022-10-09,Buffalo Bills,Pittsburgh Steelers,38,3,41,35
2022-10-09,Cleveland Browns,Los Angeles Chargers,28,30,58,-2
2022-10-09,Minnesota Vikings,Chicago Bears,29,22,51,7
2022-10-09,New England Patriots,Detroit Lions,29,0,29,29
2022-10-09,New Orleans Saints,Seattle Seahawks,39,32,71,7
2022-10-09,New York Jets,Miami Dolphins,40,17,57,23
2022-10-09,Tampa Bay Buccaneers,Atlanta Falcons,21,15,36,6
2022-10-09,Washington Commanders,Tennessee Titans,17,21,38,-4
2022-10-09,Jacksonville Jaguars,Houston Texans,6,13,19,-7
2022-10-09,Carolina Panthers,San Francisco 49ers,15,37,52,-22
2022-10-09,Los Angeles Rams,Dallas Cowboys,10,22,32,-12
2022-10-09,Arizona Cardinals,Philadelphia Eagles,17,20,37,-3
2022-10-10,Baltimore Ravens,Cincinnati Bengals,19,17,36,2
2022-10-11,Kansas City Chiefs,Las Vegas Raiders,30,29,59,1
2022-10-14,Chicago Bears,Washington Commanders,7,12,19,-5
2022-10-16,Atlanta Falcons,San Francisco 49ers,28,14,42,14
2022-10-16,Cleveland Browns,New England Patriots,15,38,53,-23
2022-10-16,Green Bay Packers,New York Jets,10,27,37,-17
2022-10-16,Indianapolis Colts,Jacksonville Jaguars,34,27,61,7
2022-10-16,Miami Dolphins,Minnesota Vikings,16,24,40,-8
2022-10-16,New Orleans Saints,Cincinnati Bengals,26,30,56,-4
2022-10-16,New York Giants,Baltimore Ravens,24,20,44,4
2022-10-16,Pittsburgh Steelers,Tampa Bay Buccaneers,20,18,38,2
2022-10-16,Los Angeles Rams,Carolina Panthers,24,10,34,14
2022-10-16,Seattle Seahawks,Arizona Cardinals,19,9,28,10
2022-10-16,Kansas City Chiefs,Buffalo Bills,20,24,44,-4
2022-10-17,Philadelphia Eagles,Dallas Cowboys,26,17,43,9
2022-10-18,Los Angeles Chargers,Denver Broncos,19,16,35,3
2022-10-21,Arizona Cardinals,New Orleans Saints,42,34,76,8
2022-10-23,Cincinnati Bengals,Atlanta Falcons,35,17,52,18
2022-10-23,Dallas Cowboys,Detroit Lions,24,6,30,18
2022-10-23,Tennessee Titans,Indianapolis Colts,19,10,29,9
2022-10-23,Washington Commanders,Green Bay Packers,23,21,44,2
2022-10-23,Carolina Panthers,Tampa Bay Buccaneers,21,3,24,18
2022-10-23,Jacksonville Jaguars,New York Giants,17,23,40,-6
2022-10-23,Baltimore Ravens,Cleveland Browns,23,20,43,3
2022-10-23,Denver Broncos,New York Jets,9,16,25,-7
2022-10-23,Las Vegas Raiders,Houston Texans,38,20,58,18
2022-10-23,Los Angeles Chargers,Seattle Seahawks,23,37,60,-14
2022-10-23,San Francisco 49ers,Kansas City Chiefs,23,44,67,-21
2022-10-24,Miami Dolphins,Pittsburgh Steelers,16,10,26,6
2022-10-25,New England Patriots,Chicago Bears,14,33,47,-19
2022-10-28,Tampa Bay Buccaneers,Baltimore Ravens,22,27,49,-5
2022-10-30,Jacksonville Jaguars,Denver Broncos,17,21,38,-4
2022-10-30,Atlanta Falcons,Carolina Panthers,37,34,71,3
2022-10-30,Dallas Cowboys,Chicago Bears,49,29,78,20
2022-10-30,Detroit Lions,Miami Dolphins,27,31,58,-4
2022-10-30,Minnesota Vikings,Arizona Cardinals,34,26,60,8
2022-10-30,New Orleans Saints,Las Vegas Raiders,24,0,24,24
2022-10-30,New York Jets,New England Patriots,17,22,39,-5
2022-10-30,Philadelphia Eagles,Pittsburgh Steelers,35,13,48,22
2022-10-30,Houston Texans,Tennessee Titans,10,17,27,-7
2022-10-30,Indianapolis Colts,Washington Commanders,16,17,33,-1
2022-10-30,Los Angeles Rams,San Francisco 49ers,14,31,45,-17
2022-10-30,Seattle Seahawks,New York Giants,27,13,40,14
2022-10-31,Buffalo Bills,Green Bay Packers,27,17,44,10
2022-11-01,Cleveland Browns,Cincinnati Bengals,32,13,45,19
2022-11-04,Houston Texans,Philadelphia Eagles,17,29,46,-12
2022-11-06,Atlanta Falcons,Los Angeles Chargers,17,20,37,-3
2022-11-06,Chicago Bears,Miami Dolphins,32,35,67,-3
2022-11-06,Cincinnati Bengals,Carolina Panthers,42,21,63,21
2022-11-06,Detroit Lions,Green Bay Packers,15,9,24,6
2022-11-06,New England Patriots,Indianapolis Colts,26,3,29,23
2022-11-06,New York Jets,Buffalo Bills,20,17,37,3
2022-11-06,Washington Commanders,Minnesota Vikings,17,20,37,-3
2022-11-06,Jacksonville Jaguars,Las Vegas Raiders,27,20,47,7
2022-11-06,Arizona Cardinals,Seattle Seahawks,21,31,52,-10
2022-11-06,Tampa Bay Buccaneers,Los Angeles Rams,16,13,29,3
2022-11-07,Kansas City Chiefs,Tennessee Titans,20,17,37,3
2022-11-08,New Orleans Saints,Baltimore Ravens,13,27,40,-14
2022-11-11,Carolina Panthers,Atlanta Falcons,25,15,40,10
2022-11-13,Tampa Bay Buccaneers,Seattle Seahawks,21,16,37,5
2022-11-13,Buffalo Bills,Minnesota Vikings,30,33,63,-3
2022-11-13,Chicago Bears,Detroit Lions,30,31,61,-1
2022-11-13,Tennessee Titans,Denver Broncos,17,10,27,7
2022-11-13,Kansas City Chiefs,Jacksonville Jaguars,27,17,44,10
2022-11-13,Miami Dolphins,Cleveland Browns,39,17,56,22
2022-11-13,New York Giants,Houston Texans,24,16,40,8
2022-11-13,Pittsburgh Steelers,New Orleans Saints,20,10,30,10
2022-11-13,Las Vegas Raiders,Indianapolis Colts,20,25,45,-5
2022-11-13,Green Bay Packers,Dallas Cowboys,31,28,59,3
2022-11-13,Los Angeles Rams,Arizona Cardinals,17,27,44,-10
2022-11-14,San Francisco 49ers,Los Angeles Chargers,22,16,38,6
2022-11-15,Philadelphia Eagles,Washington Commanders,21,32,53,-11
2022-11-18,Green Bay Packers,Tennessee Titans,17,27,44,-10
2022-11-20,Atlanta Falcons,Chicago Bears,27,24,51,3
2022-11-20,Buffalo Bills,Cleveland Browns,31,23,54,8
2022-11-20,Indianapolis Colts,Philadelphia Eagles,16,17,33,-1
2022-11-20,New England Patriots,New York Jets,10,3,13,7
2022-11-20,New Orleans Saints,Los Angeles Rams,27,20,47,7
2022-11-20,New York Giants,Detroit Lions,18,31,49,-13
2022-11-20,Baltimore Ravens,Carolina Panthers,13,3,16,10
2022-11-20,Houston Texans,Washington Commanders,10,23,33,-13
2022-11-20,Denver Broncos,Las Vegas Raiders,16,22,38,-6
2022-11-20,Minnesota Vikings,Dallas Cowboys,3,40,43,-37
2022-11-20,Pittsburgh Steelers,Cincinnati Bengals,30,37,67,-7
2022-11-21,Los Angeles Chargers,Kansas City Chiefs,27,30,57,-3
2022-11-22,Arizona Cardinals,San Francisco 49ers,10,38,48,-28
2022-11-24,Detroit Lions,Buffalo Bills,25,28,53,-3
2022-11-24,Dallas Cowboys,New York Giants,28,20,48,8
2022-11-25,Minnesota Vikings,New England Patriots,33,26,59,7
2022-11-27,Cleveland Browns,Tampa Bay Buccaneers,23,17,40,6
2022-11-27,Tennessee Titans,Cincinnati Bengals,16,20,36,-4
2022-11-27,Miami Dolphins,Houston Texans,30,15,45,15
2022-11-27,New York Jets,Chicago Bears,31,10,41,21
2022-11-27,Washington Commanders,Atlanta Falcons,19,13,32,6
2022-11-27,Carolina Panthers,Denver Broncos,23,10,33,13
2022-11-27,Jacksonville Jaguars,Baltimore Ravens,28,27,55,1
2022-11-27,Arizona Cardinals,Los Angeles Chargers,24,25,49,-1
2022-11-27,Seattle Seahawks,Las Vegas Raiders,34,40,74,-6
2022-11-27,Kansas City Chiefs,Los Angeles Rams,26,10,36,16
2022-11-27,San Francisco 49ers,New Orleans Saints,13,0,13,13
2022-11-28,Philadelphia Eagles,Green Bay Packers,40,33,73,7
2022-11-29,Indianapolis Colts,Pittsburgh Steelers,17,24,41,-7
2022-12-02,New England Patriots,Buffalo Bills,10,24,34,-14
2022-12-04,Atlanta Falcons,Pittsburgh Steelers,16,19,35,-3
2022-12-04,Chicago Bears,Green Bay Packers,19,28,47,-9
2022-12-04,Detroit Lions,Jacksonville Jaguars,40,14,54,26
2022-12-04,Minnesota Vikings,New York Jets,27,22,49,5
2022-12-04,New York Giants,Washington Commanders,20,20,40,0
2022-12-04,Philadelphia Eagles,Tennessee Titans,35,10,45,25
2022-12-04,Baltimore Ravens,Denver Broncos,10,9,19,1
2022-12-04,Houston Texans,Cleveland Browns,14,27,41,-13
2022-12-04,Los Angeles Rams,Seattle Seahawks,23,27,50,-4
2022-12-04,San Francisco 49ers,Miami Dolphins,33,17,50,16
2022-12-04,Cincinnati Bengals,Kansas City Chiefs,27,24,51,3
2022-12-04,Las Vegas Raiders,Los Angeles Chargers,27,20,47,7
2022-12-05,Dallas Cowboys,Indianapolis Colts,54,19,73,35
2022-12-06,Tampa Bay Buccaneers,New Orleans Saints,17,16,33,1
2022-12-09,Los Angeles Rams,Las Vegas Raiders,17,16,33,1
2022-12-11,Buffalo Bills,New York Jets,20,12,32,8
2022-12-11,Cincinnati Bengals,Cleveland Browns,23,10,33,13
2022-12-11,Dallas Cowboys,Houston Texans,27,23,50,4
2022-12-11,Detroit Lions,Minnesota Vikings,34,23,57,11
2022-12-11,Tennessee Titans,Jacksonville Jaguars,22,36,58,-14
2022-12-11,New York Giants,Philadelphia Eagles,22,48,70,-26
2022-12-11,Pittsburgh Steelers,Baltimore Ravens,14,16,30,-2
2022-12-11,Denver Broncos,Kansas City Chiefs,28,34,62,-6
2022-12-11,San Francisco 49ers,Tampa Bay Buccaneers,35,7,42,28
2022-12-11,Seattle Seahawks,Carolina Panthers,24,30,54,-6
2022-12-12,Los Angeles Chargers,Miami Dolphins,23,17,40,6
2022-12-13,Arizona Cardinals,New England Patriots,13,27,40,-14
2022-12-16,Seattle Seahawks,San Francisco 49ers,13,21,34,-8
2022-12-17,Minnesota Vikings,Indianapolis Colts,39,36,75,3
2022-12-17,Cleveland Browns,Baltimore Ravens,13,3,16,10
2022-12-18,Buffalo Bills,Miami Dolphins,32,29,61,3
2022-12-18,New Orleans Saints,Atlanta Falcons,21,18,39,3
2022-12-18,Chicago Bears,Philadelphia Eagles,20,25,45,-5
2022-12-18,New York Jets,Detroit Lions,17,20,37,-3
2022-12-18,Carolina Panthers,Pittsburgh Steelers,16,24,40,-8
2022-12-18,Jacksonville Jaguars,Dallas Cowboys,40,34,74,6
2022-12-18,Houston Texans,Kansas City Chiefs,24,30,54,-6
2022-12-18,Denver Broncos,Arizona Cardinals,24,15,39,9
2022-12-18,Las Vegas Raiders,New England Patriots,30,24,54,6
2022-12-18,Los Angeles Chargers,Tennessee Titans,17,14,31,3
2022-12-18,Tampa Bay Buccaneers,Cincinnati Bengals,23,34,57,-11
2022-12-19,Washington Commanders,New York Giants,12,20,32,-8
2022-12-20,Green Bay Packers,Los Angeles Rams,24,12,36,12
2022-12-23,New York Jets,Jacksonville Jaguars,3,19,22,-16
2022-12-24,Chicago Bears,Buffalo Bills,13,35,48,-22
2022-12-24,Cleveland Browns,New Orleans Saints,10,17,27,-7
2022-12-24,Kansas City Chiefs,Seattle Seahawks,24,10,34,14
2022-12-24,Minnesota Vikings,New York Giants,27,24,51,3
2022-12-24,New England Patriots,Cincinnati Bengals,18,22,40,-4
2022-12-24,Carolina Panthers,Detroit Lions,37,23,60,14
2022-12-24,Baltimore Ravens,Atlanta Falcons,17,9,26,8
2022-12-24,Tennessee Titans,Houston Texans,14,19,33,-5
2022-12-24,San Francisco 49ers,Washington Commanders,37,20,57,17
2022-12-24,Dallas Cowboys,Philadelphia Eagles,40,34,74,6
2022-12-25,Pittsburgh Steelers,Las Vegas Raiders,13,10,23,3
2022-12-25,Miami Dolphins,Green Bay Packers,20,26,46,-6
2022-12-25,Los Angeles Rams,Denver Broncos,51,14,65,37
2022-12-26,Arizona Cardinals,Tampa Bay Buccaneers,16,19,35,-3
2022-12-27,Indianapolis Colts,Los Angeles Chargers,3,20,23,-17
2022-12-30,Tennessee Titans,Dallas Cowboys,13,27,40,-14
2023-01-01,Atlanta Falcons,Arizona Cardinals,20,19,39,1
2023-01-01,Detroit Lions,Chicago Bears,41,10,51,31
2023-01-01,Kansas City Chiefs,Denver Broncos,27,24,51,3
2023-01-01,New England Patriots,Miami Dolphins,23,21,44,2
2023-01-01,New York Giants,Indianapolis Colts,38,10,48,28
2023-01-01,Philadelphia Eagles,New Orleans Saints,10,20,30,-10
2023-01-01,Tampa Bay Buccaneers,Carolina Panthers,30,24,54,6
2023-01-01,Washington Commanders,Cleveland Browns,10,24,34,-14
2023-01-01,Houston Texans,Jacksonville Jaguars,3,31,34,-28
2023-01-01,Las Vegas Raiders,San Francisco 49ers,34,37,71,-3
2023-01-01,Seattle Seahawks,New York Jets,23,6,29,17
2023-01-01,Green Bay Packers,Minnesota Vikings,41,17,58,24
2023-01-01,Los Angeles Chargers,Los Angeles Rams,31,10,41,21
2023-01-02,Baltimore Ravens,Pittsburgh Steelers,13,16,29,-3
2023-01-02,Cincinnati Bengals,Buffalo Bills,7,3,10,4
2023-01-07,Las Vegas Raiders,Kansas City Chiefs,13,31,44,-18
2023-01-08,Jacksonville Jaguars,Tennessee Titans,20,16,36,4
2023-01-08,Atlanta Falcons,Tampa Bay Buccaneers,30,17,47,13
2023-01-08,Buffalo Bills,New England Patriots,35,23,58,12
2023-01-08,Chicago Bears,Minnesota Vikings,13,29,42,-16
2023-01-08,Cincinnati Bengals,Baltimore Ravens,27,16,43,11
2023-01-08,Indianapolis Colts,Houston Texans,31,32,63,-1
2023-01-08,Miami Dolphins,New York Jets,11,6,17,5
2023-01-08,New Orleans Saints,Carolina Panthers,7,10,17,-3
2023-01-08,Pittsburgh Steelers,Cleveland Browns,28,14,42,14
2023-01-08,Denver Broncos,Los Angeles Chargers,31,28,59,3
2023-01-08,Philadelphia Eagles,New York Giants,22,16,38,6
2023-01-08,San Francisco 49ers,Arizona Cardinals,38,13,51,25
2023-01-08,Seattle Seahawks,Los Angeles Rams,19,16,35,3
2023-01-08,Washington Commanders,Dallas Cowboys,26,6,32,20
2023-01-09,Green Bay Packers,Detroit Lions,16,20,36,-4
2023-01-14,San Francisco 49ers,Seattle Seahawks,41,23,64,18
2023-01-15,Jacksonville Jaguars,Los Angeles Chargers,31,30,61,1
2023-01-15,Buffalo Bills,Miami Dolphins,34,31,65,3
2023-01-15,Minnesota Vikings,New York Giants,24,31,55,-7
2023-01-16,Cincinnati Bengals,Baltimore Ravens,24,17,41,7
2023-01-17,Tampa Bay Buccaneers,Dallas Cowboys,14,31,45,-17
2023-01-21,Kansas City Chiefs,Jacksonville Jaguars,27,20,47,7
2023-01-22,Philadelphia Eagles,New York Giants,38,7,45,31
2023-01-22,Buffalo Bills,Cincinnati Bengals,10,27,37,-17
2023-01-22,San Francisco 49ers,Dallas Cowboys,19,12,31,7
2023-01-29,Philadelphia Eagles,San Francisco 49ers,31,7,38,24
2023-01-29,Kansas City Chiefs,Cincinnati Bengals,23,20,43,3
2023-02-12,Philadelphia Eagles,Kansas City Chiefs,35,38,73,-3
2023-08-04,Cleveland Browns,New York Jets,21,16,37,5
2023-08-10,New England Patriots,Houston Texans,9,20,29,-11
2023-08-11,Seattle Seahawks,Minnesota Vikings,24,13,37,11
2023-08-11,Cincinnati Bengals,Green Bay Packers,19,36,55,-17
2023-08-11,Detroit Lions,New York Giants,21,16,37,5
2023-08-11,Miami Dolphins,Atlanta Falcons,3,19,22,-16
2023-08-11,Tampa Bay Buccaneers,Pittsburgh Steelers,17,27,44,-10
2023-08-11,Cleveland Browns,Washington Commanders,15,17,32,-2
2023-08-12,Arizona Cardinals,Denver Broncos,18,17,35,1
2023-08-12,Buffalo Bills,Indianapolis Colts,23,19,42,4
2023-08-12,Chicago Bears,Tennessee Titans,23,17,40,6
2023-08-12,Carolina Panthers,New York Jets,0,27,27,-27
2023-08-12,Dallas Cowboys,Jacksonville Jaguars,23,28,51,-5
2023-08-12,Baltimore Ravens,Philadelphia Eagles,20,19,39,1
2023-08-13,Los Angeles Rams,Los Angeles Chargers,17,34,51,-17
2023-08-13,New Orleans Saints,Kansas City Chiefs,26,24,50,2
2023-08-13,Las Vegas Raiders,San Francisco 49ers,34,7,41,27
2023-08-17,Philadelphia Eagles,Cleveland Browns,18,18,36,0
2023-08-18,New York Giants,Carolina Panthers,21,19,40,2
2023-08-18,Atlanta Falcons,Cincinnati Bengals,13,13,26,0
2023-08-19,Detroit Lions,Jacksonville Jaguars,7,25,32,-18
2023-08-19,Houston Texans,Miami Dolphins,3,28,31,-25
2023-08-19,Pittsburgh Steelers,Buffalo Bills,27,15,42,12
2023-08-19,Indianapolis Colts,Chicago Bears,24,17,41,7
2023-08-19,New York Jets,Tampa Bay Buccaneers,6,13,19,-7
2023-08-20,Green Bay Packers,New England Patriots,17,21,38,-4
2023-08-20,Minnesota Vikings,Tennessee Titans,16,24,40,-8
2023-08-20,Arizona Cardinals,Kansas City Chiefs,10,38,48,-28
2023-08-20,San Francisco 49ers,Denver Broncos,21,20,41,1
2023-08-20,Los Angeles Rams,Las Vegas Raiders,17,34,51,-17
2023-08-20,Seattle Seahawks,Dallas Cowboys,22,14,36,8
2023-08-20,Los Angeles Chargers,New Orleans Saints,17,22,39,-5
2023-08-22,Washington Commanders,Baltimore Ravens,29,28,57,1
2023-08-24,Atlanta Falcons,Pittsburgh Steelers,0,24,24,-24
2023-08-25,Philadelphia Eagles,Indianapolis Colts,13,27,40,-14
2023-08-26,Carolina Panthers,Detroit Lions,17,26,43,-9
2023-08-26,Tennessee Titans,New England Patriots,23,7,30,16
2023-08-26,San Francisco 49ers,Los Angeles Chargers,12,23,35,-11
2023-08-26,Chicago Bears,Buffalo Bills,21,24,45,-3
2023-08-26,Green Bay Packers,Seattle Seahawks,19,15,34,4
2023-08-26,Kansas City Chiefs,Cleveland Browns,33,32,65,1
2023-08-26,Minnesota Vikings,Arizona Cardinals,17,18,35,-1
2023-08-26,New York Giants,New York Jets,24,32,56,-8
2023-08-26,Washington Commanders,Cincinnati Bengals,21,19,40,2
2023-08-26,Tampa Bay Buccaneers,Baltimore Ravens,26,20,46,6
2023-08-26,Jacksonville Jaguars,Miami Dolphins,31,18,49,13
2023-08-27,Dallas Cowboys,Las Vegas Raiders,31,16,47,15
2023-08-27,Denver Broncos,Los Angeles Rams,41,0,41,41
2023-08-28,New Orleans Saints,Houston Texans,13,17,30,-4
2023-09-08,Kansas City Chiefs,Detroit Lions,20,21,41,-1
2023-09-10,Atlanta Falcons,Carolina Panthers,24,10,34,14
2023-09-10,Cleveland Browns,Cincinnati Bengals,24,3,27,21
2023-09-10,Indianapolis Colts,Jacksonville Jaguars,21,31,52,-10
2023-09-10,Minnesota Vikings,Tampa Bay Buccaneers,17,20,37,-3
2023-09-10,New Orleans Saints,Tennessee Titans,16,15,31,1
2023-09-10,Pittsburgh Steelers,San Francisco 49ers,7,30,37,-23
2023-09-10,Washington Commanders,Arizona Cardinals,20,16,36,4
2023-09-10,Baltimore Ravens,Houston Texans,25,9,34,16
2023-09-10,Chicago Bears,Green Bay Packers,20,38,58,-18
2023-09-10,Denver Broncos,Las Vegas Raiders,16,17,33,-1
2023-09-10,New England Patriots,Philadelphia Eagles,20,25,45,-5
2023-09-10,Los Angeles Chargers,Miami Dolphins,34,36,70,-2
2023-09-10,Seattle Seahawks,Los Angeles Rams,13,30,43,-17
2023-09-11,New York Giants,Dallas Cowboys,0,40,40,-40
2023-09-12,New York Jets,Buffalo Bills,22,16,38,6
2023-09-15,Philadelphia Eagles,Minnesota Vikings,34,28,62,6
2023-09-17,Atlanta Falcons,Green Bay Packers,25,24,49,1
2023-09-17,Buffalo Bills,Las Vegas Raiders,38,10,48,28
2023-09-17,Cincinnati Bengals,Baltimore Ravens,24,27,51,-3
2023-09-17,Detroit Lions,Seattle Seahawks,31,37,68,-6
2023-09-17,Tennessee Titans,Los Angeles Chargers,27,24,51,3
2023-09-17,Tampa Bay Buccaneers,Chicago Bears,27,17,44,10
2023-09-17,Jacksonville Jaguars,Kansas City Chiefs,9,17,26,-8
2023-09-17,Houston Texans,Indianapolis Colts,20,31,51,-11
2023-09-17,Los Angeles Rams,San Francisco 49ers,23,30,53,-7
2023-09-17,Arizona Cardinals,New York Giants,28,31,59,-3
2023-09-17,Dallas Cowboys,New York Jets,30,10,40,20
2023-09-17,Denver Broncos,Washington Commanders,33,35,68,-2
2023-09-18,New England Patriots,Miami Dolphins,17,24,41,-7
2023-09-18,Carolina Panthers,New Orleans Saints,17,20,37,-3
2023-09-19,Pittsburgh Steelers,Cleveland Browns,26,22,48,4
2023-09-22,San Francisco 49ers,New York Giants,30,12,42,18
2023-09-24,Cleveland Browns,Tennessee Titans,27,3,30,24
2023-09-24,Detroit Lions,Atlanta Falcons,20,6,26,14
2023-09-24,Green Bay Packers,New Orleans Saints,18,17,35,1
2023-09-24,Miami Dolphins,Denver Broncos,70,20,90,50
2023-09-24,Minnesota Vikings,Los Angeles Chargers,24,28,52,-4
2023-09-24,New York Jets,New England Patriots,10,15,25,-5
2023-09-24,Washington Commanders,Buffalo Bills,3,37,40,-34
2023-09-24,Jacksonville Jaguars,Houston Texans,17,37,54,-20
2023-09-24,Baltimore Ravens,Indianapolis Colts,19,22,41,-3
2023-09-24,Seattle Seahawks,Carolina Panthers,37,27,64,10
2023-09-24,Kansas City Chiefs,Chicago Bears,41,10,51,31
2023-09-24,Arizona Cardinals,Dallas Cowboys,28,16,44,12
2023-09-25,Las Vegas Raiders,Pittsburgh Steelers,18,23,41,-5
2023-09-25,Tampa Bay Buccaneers,Philadelphia Eagles,11,25,36,-14
2023-09-26,Cincinnati Bengals,Los Angeles Rams,19,16,35,3
2023-09-29,Green Bay Packers,Detroit Lions,20,34,54,-14
2023-10-01,Jacksonville Jaguars,Atlanta Falcons,23,7,30,16
2023-10-01,Buffalo Bills,Miami Dolphins,48,20,68,28
2023-10-01,Chicago Bears,Denver Broncos,28,31,59,-3
2023-10-01,Cleveland Browns,Baltimore Ravens,3,28,31,-25
2023-10-01,Tennessee Titans,Cincinnati Bengals,27,3,30,24
2023-10-01,Indianapolis Colts,Los Angeles Rams,23,29,52,-6
2023-10-01,New Orleans Saints,Tampa Bay Buccaneers,9,26,35,-17
2023-10-01,Philadelphia Eagles,Washington Commanders,34,31,65,3
2023-10-01,Carolina Panthers,Minnesota Vikings,13,21,34,-8
2023-10-01,Houston Texans,Pittsburgh Steelers,30,6,36,24
2023-10-01,Los Angeles Chargers,Las Vegas Raiders,24,17,41,7
2023-10-01,Dallas Cowboys,New England Patriots,38,3,41,35
2023-10-01,San Francisco 49ers,Arizona Cardinals,35,16,51,19
2023-10-02,New York Jets,Kansas City Chiefs,20,23,43,-3
2023-10-03,New York Giants,Seattle Seahawks,3,24,27,-21
2023-10-06,Washington Commanders,Chicago Bears,20,40,60,-20
2023-10-08,Buffalo Bills,Jacksonville Jaguars,20,25,45,-5
2023-10-08,Atlanta Falcons,Houston Texans,21,19,40,2
2023-10-08,Detroit Lions,Carolina Panthers,42,24,66,18
2023-10-08,Indianapolis Colts,Tennessee Titans,23,16,39,7
2023-10-08,New England Patriots,New Orleans Saints,0,34,34,-34
2023-10-08,Pittsburgh Steelers,Baltimore Ravens,17,10,27,7
2023-10-08,Miami Dolphins,New York Giants,31,16,47,15
2023-10-08,Los Angeles Rams,Philadelphia Eagles,14,23,37,-9
2023-10-08,Arizona Cardinals,Cincinnati Bengals,20,34,54,-14
2023-10-08,Minnesota Vikings,Kansas City Chiefs,20,27,47,-7
2023-10-08,Denver Broncos,New York Jets,21,31,52,-10
2023-10-09,San Francisco 49ers,Dallas Cowboys,42,10,52,32
2023-10-10,Las Vegas Raiders,Green Bay Packers,17,13,30,4
2023-10-13,Kansas City Chiefs,Denver Broncos,19,8,27,11
2023-10-15,Tennessee Titans,Baltimore Ravens,16,24,40,-8
2023-10-15,Atlanta Falcons,Washington Commanders,16,24,40,-8
2023-10-15,Chicago Bears,Minnesota Vikings,13,19,32,-6
2023-10-15,Cincinnati Bengals,Seattle Seahawks,17,13,30,4
2023-10-15,Cleveland Browns,San Francisco 49ers,19,17,36,2
2023-10-15,Miami Dolphins,Carolina Panthers,42,21,63,21
2023-10-15,Jacksonville Jaguars,Indianapolis Colts,37,20,57,17
2023-10-15,Houston Texans,New Orleans Saints,20,13,33,7
2023-10-15,Las Vegas Raiders,New England Patriots,21,17,38,4
2023-10-15,Tampa Bay Buccaneers,Detroit Lions,6,20,26,-14
2023-10-15,Los Angeles Rams,Arizona Cardinals,26,9,35,17
2023-10-15,New York Jets,Philadelphia Eagles,20,14,34,6
2023-10-16,Buffalo Bills,New York Giants,14,9,23,5
2023-10-17,Los Angeles Chargers,Dallas Cowboys,17,20,37,-3
2023-10-20,New Orleans Saints,Jacksonville Jaguars,24,31,55,-7
2023-10-22,Chicago Bears,Las Vegas Raiders,30,12,42,18
2023-10-22,Indianapolis Colts,Cleveland Browns,38,39,77,-1
2023-10-22,New England Patriots,Buffalo Bills,29,25,54,4
2023-10-22,New York Giants,Washington Commanders,14,7,21,7
2023-10-22,Tampa Bay Buccaneers,Atlanta Falcons,13,16,29,-3
2023-10-22,Baltimore Ravens,Detroit Lions,38,6,44,32
2023-10-22,Los Angeles Rams,Pittsburgh Steelers,17,24,41,-7
2023-10-22,Seattle Seahawks,Arizona Cardinals,20,10,30,10
2023-10-22,Denver Broncos,Green Bay Packers,19,17,36,2
2023-10-22,Kansas City Chiefs,Los Angeles Chargers,31,17,48,14
2023-10-23,Philadelphia Eagles,Miami Dolphins,31,17,48,14
2023-10-24,Minnesota Vikings,San Francisco 49ers,22,17,39,5
2023-10-27,Buffalo Bills,Tampa Bay Buccaneers,24,18,42,6
2023-10-29,Dallas Cowboys,Los Angeles Rams,43,20,63,23
2023-10-29,Green Bay Packers,Minnesota Vikings,10,24,34,-14
2023-10-29,Tennessee Titans,Atlanta Falcons,28,23,51,5
2023-10-29,Indianapolis Colts,New Orleans Saints,27,38,65,-11
2023-10-29,Miami Dolphins,New England Patriots,31,17,48,14
2023-10-29,New York Giants,New York Jets,10,13,23,-3
2023-10-29,Pittsburgh Steelers,Jacksonville Jaguars,10,20,30,-10
2023-10-29,Washington Commanders,Philadelphia Eagles,31,38,69,-7
2023-10-29,Carolina Panthers,Houston Texans,15,13,28,2
2023-10-29,Seattle Seahawks,Cleveland Browns,24,20,44,4
2023-10-29,Denver Broncos,Kansas City Chiefs,24,9,33,15
2023-10-29,Arizona Cardinals,Baltimore Ravens,24,31,55,-7
2023-10-29,San Francisco 49ers,Cincinnati Bengals,17,31,48,-14
2023-10-30,Los Angeles Chargers,Chicago Bears,30,13,43,17
2023-10-31,Detroit Lions,Las Vegas Raiders,26,14,40,12
2023-11-03,Pittsburgh Steelers,Tennessee Titans,20,16,36,4
2023-11-05,Kansas City Chiefs,Miami Dolphins,21,14,35,7
2023-11-05,Atlanta Falcons,Minnesota Vikings,28,31,59,-3
2023-11-05,Cleveland Browns,Arizona Cardinals,27,0,27,27
2023-11-05,Green Bay Packers,Los Angeles Rams,20,3,23,17
2023-11-05,New England Patriots,Washington Commanders,17,20,37,-3
2023-11-05,New Orleans Saints,Chicago Bears,24,17,41,7
2023-11-05,Baltimore Ravens,Seattle Seahawks,37,3,40,34
2023-11-05,Houston Texans,Tampa Bay Buccaneers,39,37,76,2
2023-11-05,Carolina Panthers,Indianapolis Colts,13,27,40,-14
2023-11-05,Las Vegas Raiders,New York Giants,30,6,36,24
2023-11-05,Philadelphia Eagles,Dallas Cowboys,28,23,51,5
2023-11-06,Cincinnati Bengals,Buffalo Bills,24,18,42,6
2023-11-07,New York Jets,Los Angeles Chargers,6,27,33,-21
2023-11-10,Chicago Bears,Carolina Panthers,16,13,29,3
2023-11-12,New England Patriots,Indianapolis Colts,6,10,16,-4
2023-11-12,Cincinnati Bengals,Houston Texans,27,30,57,-3
2023-11-12,Minnesota Vikings,New Orleans Saints,27,19,46,8
2023-11-12,Pittsburgh Steelers,Green Bay Packers,23,19,42,4
2023-11-12,Tampa Bay Buccaneers,Tennessee Titans,20,6,26,14
2023-11-12,Jacksonville Jaguars,San Francisco 49ers,3,34,37,-31
2023-11-12,Baltimore Ravens,Cleveland Browns,31,33,64,-2
2023-11-12,Arizona Cardinals,Atlanta Falcons,25,23,48,2
2023-11-12,Los Angeles Chargers,Detroit Lions,38,41,79,-3
2023-11-12,Dallas Cowboys,New York Giants,49,17,66,32
2023-11-12,Seattle Seahawks,Washington Commanders,29,26,55,3
2023-11-13,Las Vegas Raiders,New York Jets,16,12,28,4
2023-11-14,Buffalo Bills,Denver Broncos,22,24,46,-2
2023-11-17,Baltimore Ravens,Cincinnati Bengals,34,20,54,14
2023-11-19,Cleveland Browns,Pittsburgh Steelers,13,10,23,3
2023-11-19,Detroit Lions,Chicago Bears,31,26,57,5
2023-11-19,Green Bay Packers,Los Angeles Chargers,23,20,43,3
2023-11-19,Miami Dolphins,Las Vegas Raiders,20,13,33,7
2023-11-19,Washington Commanders,New York Giants,19,31,50,-12
2023-11-19,Carolina Panthers,Dallas Cowboys,10,33,43,-23
2023-11-19,Jacksonville Jaguars,Tennessee Titans,34,14,48,20
2023-11-19,Houston Texans,Arizona Cardinals,21,16,37,5
2023-11-19,San Francisco 49ers,Tampa Bay Buccaneers,27,14,41,13
2023-11-19,Buffalo Bills,New York Jets,32,6,38,26
2023-11-19,Los Angeles Rams,Seattle Seahawks,17,16,33,1
2023-11-20,Denver Broncos,Minnesota Vikings,21,20,41,1
2023-11-21,Kansas City Chiefs,Philadelphia Eagles,17,21,38,-4
2023-11-23,Detroit Lions,Green Bay Packers,22,29,51,-7
2023-11-23,Dallas Cowboys,Washington Commanders,45,10,55,35
2023-11-24,Seattle Seahawks,San Francisco 49ers,13,31,44,-18
2023-11-24,New York Jets,Miami Dolphins,13,34,47,-21
2023-11-26,Atlanta Falcons,New Orleans Saints,24,15,39,9
2023-11-26,Cincinnati Bengals,Pittsburgh Steelers,10,16,26,-6
2023-11-26,Tennessee Titans,Carolina Panthers,17,10,27,7
2023-11-26,Indianapolis Colts,Tampa Bay Buccaneers,27,20,47,7
2023-11-26,New York Giants,New England Patriots,10,7,17,3
2023-11-26,Houston Texans,Jacksonville Jaguars,21,24,45,-3
2023-11-26,Denver Broncos,Cleveland Browns,29,12,41,17
2023-11-26,Arizona Cardinals,Los Angeles Rams,14,37,51,-23
2023-11-26,Las Vegas Raiders,Kansas City Chiefs,17,31,48,-14
2023-11-26,Philadelphia Eagles,Buffalo Bills,37,34,71,3
2023-11-27,Los Angeles Chargers,Baltimore Ravens,10,20,30,-10
2023-11-28,Minnesota Vikings,Chicago Bears,10,12,22,-2
2023-12-01,Dallas Cowboys,Seattle Seahawks,41,35,76,6
2023-12-03,Tennessee Titans,Indianapolis Colts,28,31,59,-3
2023-12-03,New England Patriots,Los Angeles Chargers,0,6,6,-6
2023-12-03,New Orleans Saints,Detroit Lions,28,33,61,-5
2023-12-03,New York Jets,Atlanta Falcons,8,13,21,-5
2023-12-03,Pittsburgh Steelers,Arizona Cardinals,10,24,34,-14
2023-12-03,Washington Commanders,Miami Dolphins,15,45,60,-30
2023-12-03,Houston Texans,Denver Broncos,22,17,39,5
2023-12-03,Tampa Bay Buccaneers,Carolina Panthers,21,18,39,3
2023-12-03,Los Angeles Rams,Cleveland Browns,36,19,55,17
2023-12-03,Philadelphia Eagles,San Francisco 49ers,19,42,61,-23
2023-12-04,Green Bay Packers,Kansas City Chiefs,27,19,46,8
2023-12-05,Jacksonville Jaguars,Cincinnati Bengals,31,34,65,-3
2023-12-08,Pittsburgh Steelers,New England Patriots,18,21,39,-3
2023-12-10,Atlanta Falcons,Tampa Bay Buccaneers,25,29,54,-4
2023-12-10,Chicago Bears,Detroit Lions,28,13,41,15
2023-12-10,Cincinnati Bengals,Indianapolis Colts,34,14,48,20
2023-12-10,Cleveland Browns,Jacksonville Jaguars,31,27,58,4
2023-12-10,New Orleans Saints,Carolina Panthers,28,6,34,22
2023-12-10,New York Jets,Houston Texans,30,6,36,24
2023-12-10,Baltimore Ravens,Los Angeles Rams,37,31,68,6
2023-12-10,Las Vegas Raiders,Minnesota Vikings,0,3,3,-3
2023-12-10,San Francisco 49ers,Seattle Seahawks,28,16,44,12
2023-12-10,Kansas City Chiefs,Buffalo Bills,17,20,37,-3
2023-12-10,Los Angeles Chargers,Denver Broncos,7,24,31,-17
2023-12-11,Dallas Cowboys,Philadelphia Eagles,33,13,46,20
2023-12-12,Miami Dolphins,Tennessee Titans,27,28,55,-1
2023-12-12,New York Giants,Green Bay Packers,24,22,46,2
2023-12-15,Las Vegas Raiders,Los Angeles Chargers,63,21,84,42
2023-12-16,Cincinnati Bengals,Minnesota Vikings,27,24,51,3
2023-12-16,Indianapolis Colts,Pittsburgh Steelers,30,13,43,17
2023-12-17,Detroit Lions,Denver Broncos,42,17,59,25
2023-12-17,Cleveland Browns,Chicago Bears,20,17,37,3
2023-12-17,Carolina Panthers,Atlanta Falcons,9,7,16,2
2023-12-17,Green Bay Packers,Tampa Bay Buccaneers,20,34,54,-14
2023-12-17,Tennessee Titans,Houston Texans,16,19,35,-3
2023-12-17,Miami Dolphins,New York Jets,30,0,30,30
2023-12-17,New Orleans Saints,New York Giants,24,6,30,18
2023-12-17,New England Patriots,Kansas City Chiefs,17,27,44,-10
2023-12-17,Los Angeles Rams,Washington Commanders,28,20,48,8
2023-12-17,Arizona Cardinals,San Francisco 49ers,29,45,74,-16
2023-12-17,Buffalo Bills,Dallas Cowboys,31,10,41,21
2023-12-18,Jacksonville Jaguars,Baltimore Ravens,7,23,30,-16
2023-12-19,Seattle Seahawks,Philadelphia Eagles,20,17,37,3
2023-12-22,Los Angeles Rams,New Orleans Saints,30,22,52,8
2023-12-23,Pittsburgh Steelers,Cincinnati Bengals,34,11,45,23
2023-12-24,Los Angeles Chargers,Buffalo Bills,22,24,46,-2
2023-12-24,Atlanta Falcons,Indianapolis Colts,29,10,39,19
2023-12-24,Tennessee Titans,Seattle Seahawks,17,20,37,-3
2023-12-24,Minnesota Vikings,Detroit Lions,24,30,54,-6
2023-12-24,New York Jets,Washington Commanders,30,28,58,2
2023-12-24,Carolina Panthers,Green Bay Packers,30,33,63,-3
2023-12-24,Houston Texans,Cleveland Browns,22,36,58,-14
2023-12-24,Tampa Bay Buccaneers,Jacksonville Jaguars,30,12,42,18
2023-12-24,Chicago Bears,Arizona Cardinals,27,16,43,11
2023-12-24,Miami Dolphins,Dallas Cowboys,22,20,42,2
2023-12-25,Denver Broncos,New England Patriots,23,26,49,-3
2023-12-25,Kansas City Chiefs,Las Vegas Raiders,14,20,34,-6
2023-12-25,Philadelphia Eagles,New York Giants,33,25,58,8
2023-12-26,San Francisco 49ers,Baltimore Ravens,19,33,52,-14
2023-12-29,Cleveland Browns,New York Jets,37,20,57,17
2023-12-31,Dallas Cowboys,Detroit Lions,20,19,39,1
2023-12-31,Buffalo Bills,New England Patriots,27,21,48,6
2023-12-31,Chicago Bears,Atlanta Falcons,37,17,54,20
2023-12-31,Indianapolis Colts,Las Vegas Raiders,23,20,43,3
2023-12-31,New York Giants,Los Angeles Rams,25,26,51,-1
2023-12-31,Philadelphia Eagles,Arizona Cardinals,31,35,66,-4
2023-12-31,Tampa Bay Buccaneers,New Orleans Saints,13,23,36,-10
2023-12-31,Washington Commanders,San Francisco 49ers,10,27,37,-17
2023-12-31,Jacksonville Jaguars,Carolina Panthers,26,0,26,26
2023-12-31,Baltimore Ravens,Miami Dolphins,56,19,75,37
2023-12-31,Houston Texans,Tennessee Titans,26,3,29,23
2023-12-31,Seattle Seahawks,Pittsburgh Steelers,23,30,53,-7
2023-12-31,Denver Broncos,Los Angeles Chargers,16,9,25,7
2023-12-31,Kansas City Chiefs,Cincinnati Bengals,25,17,42,8
2024-01-01,Minnesota Vikings,Green Bay Packers,10,33,43,-23
2024-01-06,Baltimore Ravens,Pittsburgh Steelers,10,17,27,-7
2024-01-07,Indianapolis Colts,Houston Texans,19,23,42,-4
2024-01-07,Cincinnati Bengals,Cleveland Browns,31,14,45,17
2024-01-07,Detroit Lions,Minnesota Vikings,30,20,50,10
2024-01-07,Tennessee Titans,Jacksonville Jaguars,28,20,48,8
2024-01-07,New England Patriots,New York Jets,3,17,20,-14
2024-01-07,New Orleans Saints,Atlanta Falcons,48,17,65,31
2024-01-07,Carolina Panthers,Tampa Bay Buccaneers,0,9,9,-9
2024-01-07,Green Bay Packers,Chicago Bears,17,9,26,8
2024-01-07,Las Vegas Raiders,Denver Broncos,27,14,41,13
2024-01-07,New York Giants,Philadelphia Eagles,27,10,37,17
2024-01-07,Arizona Cardinals,Seattle Seahawks,20,21,41,-1
2024-01-07,Los Angeles Chargers,Kansas City Chiefs,12,13,25,-1
2024-01-07,San Francisco 49ers,Los Angeles Rams,20,21,41,-1
2024-01-07,Washington Commanders,Dallas Cowboys,10,38,48,-28
2024-01-08,Miami Dolphins,Buffalo Bills,14,21,35,-7
2024-01-13,Houston Texans,Cleveland Browns,45,14,59,31
2024-01-14,Kansas City Chiefs,Miami Dolphins,26,7,33,19
2024-01-14,Dallas Cowboys,Green Bay Packers,32,48,80,-16
2024-01-15,Detroit Lions,Los Angeles Rams,24,23,47,1
2024-01-15,Buffalo Bills,Pittsburgh Steelers,31,17,48,14
2024-01-16,Tampa Bay Buccaneers,Philadelphia Eagles,32,9,41,23
2024-01-20,Baltimore Ravens,Houston Texans,34,10,44,24
2024-01-21,San Francisco 49ers,Green Bay Packers,24,21,45,3
2024-01-21,Detroit Lions,Tampa Bay Buccaneers,31,23,54,8
2024-01-21,Buffalo Bills,Kansas City Chiefs,24,27,51,-3
2024-01-28,Baltimore Ravens,Kansas City Chiefs,10,17,27,-7
2024-01-28,San Francisco 49ers,Detroit Lions,34,31,65,3
2024-02-11,Kansas City Chiefs,San Francisco 49ers,25,22,47,3
2024-08-02,Chicago Bears,Houston Texans,21,17,38,4
2024-08-08,New England Patriots,Carolina Panthers,17,3,20,14
2024-08-08,New York Giants,Detroit Lions,14,3,17,11
2024-08-09,Miami Dolphins,Atlanta Falcons,20,13,33,7
2024-08-09,Pittsburgh Steelers,Houston Texans,12,20,32,-8
2024-08-09,Baltimore Ravens,Philadelphia Eagles,13,16,29,-3
2024-08-10,New York Jets,Washington Commanders,20,17,37,3
2024-08-10,Buffalo Bills,Chicago Bears,6,33,39,-27
2024-08-10,Minnesota Vikings,Las Vegas Raiders,24,23,47,1
2024-08-10,Cleveland Browns,Green Bay Packers,10,23,33,-13
2024-08-10,Cincinnati Bengals,Tampa Bay Buccaneers,14,17,31,-3
2024-08-10,Jacksonville Jaguars,Kansas City Chiefs,26,13,39,13
2024-08-10,Tennessee Titans,San Francisco 49ers,17,13,30,4
2024-08-10,Los Angeles Chargers,Seattle Seahawks,3,16,19,-13
2024-08-11,Arizona Cardinals,New Orleans Saints,14,16,30,-2
2024-08-11,Indianapolis Colts,Denver Broncos,30,34,64,-4
2024-08-11,Los Angeles Rams,Dallas Cowboys,13,12,25,1
2024-08-15,New England Patriots,Philadelphia Eagles,13,14,27,-1
2024-08-17,Baltimore Ravens,Atlanta Falcons,13,12,25,1
2024-08-17,Houston Texans,New York Giants,28,10,38,18
2024-08-17,Chicago Bears,Cincinnati Bengals,27,3,30,24
2024-08-17,Kansas City Chiefs,Detroit Lions,23,24,47,-1
2024-08-17,Cleveland Browns,Minnesota Vikings,12,27,39,-15
2024-08-17,Indianapolis Colts,Arizona Cardinals,21,13,34,8
2024-08-17,Miami Dolphins,Washington Commanders,13,6,19,7
2024-08-17,Pittsburgh Steelers,Buffalo Bills,3,9,12,-6
2024-08-17,Tennessee Titans,Seattle Seahawks,16,15,31,1
2024-08-17,Carolina Panthers,New York Jets,12,15,27,-3
2024-08-17,Los Angeles Chargers,Los Angeles Rams,9,13,22,-4
2024-08-17,Jacksonville Jaguars,Tampa Bay Buccaneers,20,7,27,13
2024-08-18,Las Vegas Raiders,Dallas Cowboys,12,27,39,-15
2024-08-19,Denver Broncos,Green Bay Packers,27,2,29,25
2024-08-19,San Francisco 49ers,New Orleans Saints,16,10,26,6
2024-08-23,Cincinnati Bengals,Indianapolis Colts,14,27,41,-13
2024-08-23,Kansas City Chiefs,Chicago Bears,21,34,55,-13
2024-08-23,Atlanta Falcons,Jacksonville Jaguars,0,31,31,-31
2024-08-23,Tampa Bay Buccaneers,Miami Dolphins,24,14,38,10
2024-08-24,Las Vegas Raiders,San Francisco 49ers,24,24,48,0
2024-08-24,Buffalo Bills,Carolina Panthers,26,31,57,-5
2024-08-24,Houston Texans,Los Angeles Rams,17,15,32,2
2024-08-24,Green Bay Packers,Baltimore Ravens,30,7,37,23
2024-08-24,Philadelphia Eagles,Minnesota Vikings,3,26,29,-23
2024-08-24,Detroit Lions,Pittsburgh Steelers,24,17,41,7
2024-08-24,Dallas Cowboys,Los Angeles Chargers,19,26,45,-7
2024-08-24,New York Jets,New York Giants,10,6,16,4
2024-08-25,Seattle Seahawks,Cleveland Browns,37,33,70,4
2024-08-25,New Orleans Saints,Tennessee Titans,27,30,57,-3
2024-08-25,Denver Broncos,Arizona Cardinals,38,12,50,26
2024-08-26,Washington Commanders,New England Patriots,20,10,30,10
2024-09-06,Kansas City Chiefs,Baltimore Ravens,27,20,47,7
2024-09-07,Philadelphia Eagles,Green Bay Packers,34,29,63,5
2024-09-08,Atlanta Falcons,Pittsburgh Steelers,10,18,28,-8
2024-09-08,Buffalo Bills,Arizona Cardinals,34,28,62,6
2024-09-08,Chicago Bears,Tennessee Titans,24,17,41,7
2024-09-08,Cincinnati Bengals,New England Patriots,10,16,26,-6
2024-09-08,Indianapolis Colts,Houston Texans,27,29,56,-2
2024-09-08,Miami Dolphins,Jacksonville Jaguars,20,17,37,3
2024-09-08,New Orleans Saints,Carolina Panthers,47,10,57,37
2024-09-08,New York Giants,Minnesota Vikings,6,28,34,-22
2024-09-08,Los Angeles Chargers,Las Vegas Raiders,22,10,32,12
2024-09-08,Seattle Seahawks,Denver Broncos,26,20,46,6
2024-09-08,Cleveland Browns,Dallas Cowboys,17,33,50,-16
2024-09-08,Tampa Bay Buccaneers,Washington Commanders,37,20,57,17
2024-09-09,Detroit Lions,Los Angeles Rams,26,20,46,6
2024-09-10,San Francisco 49ers,New York Jets,32,19,51,13
2024-09-13,Miami Dolphins,Buffalo Bills,10,31,41,-21
2024-09-15,Dallas Cowboys,New Orleans Saints,19,44,63,-25
2024-09-15,Detroit Lions,Tampa Bay Buccaneers,16,20,36,-4
2024-09-15,Green Bay Packers,Indianapolis Colts,16,10,26,6
2024-09-15,Tennessee Titans,New York Jets,17,24,41,-7
2024-09-15,Minnesota Vikings,San Francisco 49ers,23,17,40,6
2024-09-15,New England Patriots,Seattle Seahawks,20,23,43,-3
2024-09-15,Washington Commanders,New York Giants,21,18,39,3
2024-09-15,Carolina Panthers,Los Angeles Chargers,3,26,29,-23
2024-09-15,Jacksonville Jaguars,Cleveland Browns,13,18,31,-5
2024-09-15,Baltimore Ravens,Las Vegas Raiders,23,26,49,-3
2024-09-15,Arizona Cardinals,Los Angeles Rams,41,10,51,31
2024-09-15,Denver Broncos,Pittsburgh Steelers,6,13,19,-7
2024-09-15,Kansas City Chiefs,Cincinnati Bengals,26,25,51,1
2024-09-16,Houston Texans,Chicago Bears,19,13,32,6
2024-09-17,Philadelphia Eagles,Atlanta Falcons,21,22,43,-1
2024-09-20,New York Jets,New England Patriots,24,3,27,21
2024-09-22,Cleveland Browns,New York Giants,15,21,36,-6
2024-09-22,Tennessee Titans,Green Bay Packers,14,30,44,-16
2024-09-22,Indianapolis Colts,Chicago Bears,21,16,37,5
2024-09-22,Minnesota Vikings,Houston Texans,34,7,41,27
2024-09-22,New Orleans Saints,Philadelphia Eagles,12,15,27,-3
2024-09-22,Pittsburgh Steelers,Los Angeles Chargers,20,10,30,10
2024-09-22,Tampa Bay Buccaneers,Denver Broncos,7,26,33,-19
2024-09-22,Las Vegas Raiders,Carolina Panthers,22,36,58,-14
2024-09-22,Seattle Seahawks,Miami Dolphins,24,3,27,21
2024-09-22,Dallas Cowboys,Baltimore Ravens,25,28,53,-3
2024-09-22,Los Angeles Rams,San Francisco 49ers,27,24,51,3
2024-09-22,Arizona Cardinals,Detroit Lions,13,20,33,-7
2024-09-23,Atlanta Falcons,Kansas City Chiefs,17,22,39,-5
2024-09-23,Buffalo Bills,Jacksonville Jaguars,47,10,57,37
2024-09-24,Cincinnati Bengals,Washington Commanders,33,38,71,-5
2024-09-27,New York Giants,Dallas Cowboys,15,20,35,-5
2024-09-29,Atlanta Falcons,New Orleans Saints,26,24,50,2
2024-09-29,Chicago Bears,Los Angeles Rams,24,18,42,6
2024-09-29,Green Bay Packers,Minnesota Vikings,29,31,60,-2
2024-09-29,Indianapolis Colts,Pittsburgh Steelers,27,24,51,3
2024-09-29,New York Jets,Denver Broncos,9,10,19,-1
2024-09-29,Tampa Bay Buccaneers,Philadelphia Eagles,33,16,49,17
2024-09-29,Carolina Panthers,Cincinnati Bengals,24,34,58,-10
2024-09-29,Houston Texans,Jacksonville Jaguars,24,20,44,4
2024-09-29,Arizona Cardinals,Washington Commanders,14,42,56,-28
2024-09-29,San Francisco 49ers,New England Patriots,30,13,43,17
2024-09-29,Las Vegas Raiders,Cleveland Browns,20,16,36,4
2024-09-29,Los Angeles Chargers,Kansas City Chiefs,10,17,27,-7
2024-09-30,Baltimore Ravens,Buffalo Bills,35,10,45,25
2024-09-30,Miami Dolphins,Tennessee Titans,12,31,43,-19
2024-10-01,Detroit Lions,Seattle Seahawks,42,29,71,13
2024-10-04,Atlanta Falcons,Tampa Bay Buccaneers,36,30,66,6
2024-10-06,Minnesota Vikings,New York Jets,23,17,40,6
2024-10-06,Chicago Bears,Carolina Panthers,36,10,46,26
2024-10-06,Cincinnati Bengals,Baltimore Ravens,38,41,79,-3
2024-10-06,New England Patriots,Miami Dolphins,10,15,25,-5
2024-10-06,Washington Commanders,Cleveland Browns,34,13,47,21
2024-10-06,Jacksonville Jaguars,Indianapolis Colts,37,34,71,3
2024-10-06,Houston Texans,Buffalo Bills,23,20,43,3
2024-10-06,Denver Broncos,Las Vegas Raiders,34,18,52,16
2024-10-06,San Francisco 49ers,Arizona Cardinals,23,24,47,-1
2024-10-06,Los Angeles Rams,Green Bay Packers,19,24,43,-5
2024-10-06,Seattle Seahawks,New York Giants,20,29,49,-9
2024-10-07,Pittsburgh Steelers,Dallas Cowboys,17,20,37,-3
2024-10-08,Kansas City Chiefs,New Orleans Saints,26,13,39,13
2024-10-11,Seattle Seahawks,San Francisco 49ers,24,36,60,-12
2024-10-13,Chicago Bears,Jacksonville Jaguars,35,16,51,19
2024-10-13,Green Bay Packers,Arizona Cardinals,34,13,47,21
2024-10-13,Tennessee Titans,Indianapolis Colts,17,20,37,-3
2024-10-13,New England Patriots,Houston Texans,21,41,62,-20
2024-10-13,New Orleans Saints,Tampa Bay Buccaneers,27,51,78,-24
2024-10-13,Philadelphia Eagles,Cleveland Browns,20,16,36,4
2024-10-13,Baltimore Ravens,Washington Commanders,30,23,53,7
2024-10-13,Denver Broncos,Los Angeles Chargers,16,23,39,-7
2024-10-13,Las Vegas Raiders,Pittsburgh Steelers,13,32,45,-19
2024-10-13,Dallas Cowboys,Detroit Lions,9,47,56,-38
2024-10-13,Carolina Panthers,Atlanta Falcons,20,38,58,-18
2024-10-14,New York Giants,Cincinnati Bengals,7,17,24,-10
2024-10-15,New York Jets,Buffalo Bills,20,23,43,-3
2024-10-18,New Orleans Saints,Denver Broncos,10,33,43,-23
2024-10-20,Jacksonville Jaguars,New England Patriots,32,16,48,16
2024-10-20,Atlanta Falcons,Seattle Seahawks,14,34,48,-20
2024-10-20,Buffalo Bills,Tennessee Titans,34,10,44,24
2024-10-20,Cleveland Browns,Cincinnati Bengals,14,21,35,-7
2024-10-20,Green Bay Packers,Houston Texans,24,22,46,2
2024-10-20,Indianapolis Colts,Miami Dolphins,16,10,26,6
2024-10-20,Minnesota Vikings,Detroit Lions,29,31,60,-2
2024-10-20,New York Giants,Philadelphia Eagles,3,28,31,-25
2024-10-20,Los Angeles Rams,Las Vegas Raiders,20,15,35,5
2024-10-20,Washington Commanders,Carolina Panthers,40,7,47,33
2024-10-20,San Francisco 49ers,Kansas City Chiefs,18,28,46,-10
2024-10-21,Pittsburgh Steelers,New York Jets,37,15,52,22
2024-10-22,Tampa Bay Buccaneers,Baltimore Ravens,31,41,72,-10
2024-10-22,Arizona Cardinals,Los Angeles Chargers,17,15,32,2
2024-10-25,Los Angeles Rams,Minnesota Vikings,30,20,50,10
2024-10-27,Cleveland Browns,Baltimore Ravens,29,24,53,5
2024-10-27,Detroit Lions,Tennessee Titans,52,14,66,38
2024-10-27,Miami Dolphins,Arizona Cardinals,27,28,55,-1
2024-10-27,New England Patriots,New York Jets,25,22,47,3
2024-10-27,Tampa Bay Buccaneers,Atlanta Falcons,26,31,57,-5
2024-10-27,Jacksonville Jaguars,Green Bay Packers,27,30,57,-3
2024-10-27,Houston Texans,Indianapolis Colts,23,20,43,3
2024-10-27,Cincinnati Bengals,Philadelphia Eagles,17,37,54,-20
2024-10-27,Los Angeles Chargers,New Orleans Saints,26,8,34,18
2024-10-27,Seattle Seahawks,Buffalo Bills,10,31,41,-21
2024-10-27,Washington Commanders,Chicago Bears,18,15,33,3
2024-10-27,Denver Broncos,Carolina Panthers,28,14,42,14
2024-10-27,Las Vegas Raiders,Kansas City Chiefs,20,27,47,-7
2024-10-28,San Francisco 49ers,Dallas Cowboys,30,24,54,6
2024-10-29,Pittsburgh Steelers,New York Giants,26,18,44,8
2024-11-01,New York Jets,Houston Texans,21,13,34,8
2024-11-03,Atlanta Falcons,Dallas Cowboys,27,21,48,6
2024-11-03,Buffalo Bills,Miami Dolphins,30,27,57,3
2024-11-03,Cincinnati Bengals,Las Vegas Raiders,41,24,65,17
2024-11-03,Cleveland Browns,Los Angeles Chargers,10,27,37,-17
2024-11-03,Tennessee Titans,New England Patriots,20,17,37,3
2024-11-03,New York Giants,Washington Commanders,22,27,49,-5
2024-11-03,Carolina Panthers,New Orleans Saints,23,22,45,1
2024-11-03,Baltimore Ravens,Denver Broncos,41,10,51,31
2024-11-03,Arizona Cardinals,Chicago Bears,29,9,38,20
2024-11-03,Philadelphia Eagles,Jacksonville Jaguars,28,23,51,5
2024-11-03,Green Bay Packers,Detroit Lions,14,24,38,-10
2024-11-03,Seattle Seahawks,Los Angeles Rams,20,26,46,-6
2024-11-04,Minnesota Vikings,Indianapolis Colts,21,13,34,8
2024-11-05,Kansas City Chiefs,Tampa Bay Buccaneers,30,24,54,6
2024-11-08,Baltimore Ravens,Cincinnati Bengals,35,34,69,1
2024-11-10,Carolina Panthers,New York Giants,20,17,37,3
2024-11-10,Chicago Bears,New England Patriots,3,19,22,-16
2024-11-10,Indianapolis Colts,Buffalo Bills,20,30,50,-10
2024-11-10,Kansas City Chiefs,Denver Broncos,16,14,30,2
2024-11-10,New Orleans Saints,Atlanta Falcons,20,17,37,3
2024-11-10,Tampa Bay Buccaneers,San Francisco 49ers,20,23,43,-3
2024-11-10,Washington Commanders,Pittsburgh Steelers,27,28,55,-1
2024-11-10,Jacksonville Jaguars,Minnesota Vikings,7,12,19,-5
2024-11-10,Los Angeles Chargers,Tennessee Titans,27,17,44,10
2024-11-10,Dallas Cowboys,Philadelphia Eagles,6,34,40,-28
2024-11-10,Arizona Cardinals,New York Jets,31,6,37,25
2024-11-11,Houston Texans,Detroit Lions,23,26,49,-3
2024-11-12,Los Angeles Rams,Miami Dolphins,15,23,38,-8
2024-11-15,Philadelphia Eagles,Washington Commanders,26,18,44,8
2024-11-17,Chicago Bears,Green Bay Packers,19,20,39,-1
2024-11-17,Detroit Lions,Jacksonville Jaguars,52,6,58,46
2024-11-17,Tennessee Titans,Minnesota Vikings,13,23,36,-10
2024-11-17,Miami Dolphins,Las Vegas Raiders,34,19,53,15
2024-11-17,New England Patriots,Los Angeles Rams,22,28,50,-6
2024-11-17,New Orleans Saints,Cleveland Browns,35,14,49,21
2024-11-17,Pittsburgh Steelers,Baltimore Ravens,18,16,34,2
2024-11-17,New York Jets,Indianapolis Colts,27,28,55,-1
2024-11-17,Denver Broncos,Atlanta Falcons,38,6,44,32
2024-11-17,San Francisco 49ers,Seattle Seahawks,17,20,37,-3
2024-11-17,Buffalo Bills,Kansas City Chiefs,30,21,51,9
2024-11-18,Los Angeles Chargers,Cincinnati Bengals,34,27,61,7
2024-11-19,Dallas Cowboys,Houston Texans,10,34,44,-24
2024-11-22,Cleveland Browns,Pittsburgh Steelers,24,19,43,5
2024-11-24,Chicago Bears,Minnesota Vikings,27,30,57,-3
2024-11-24,Indianapolis Colts,Detroit Lions,6,24,30,-18
2024-11-24,Miami Dolphins,New England Patriots,34,15,49,19
2024-11-24,New York Giants,Tampa Bay Buccaneers,7,30,37,-23
2024-11-24,Washington Commanders,Dallas Cowboys,26,34,60,-8
2024-11-24,Carolina Panthers,Kansas City Chiefs,27,30,57,-3
2024-11-24,Houston Texans,Tennessee Titans,27,32,59,-5
2024-11-24,Las Vegas Raiders,Denver Broncos,19,29,48,-10
2024-11-24,Green Bay Packers,San Francisco 49ers,38,10,48,28
2024-11-24,Seattle Seahawks,Arizona Cardinals,16,6,22,10
2024-11-25,Los Angeles Rams,Philadelphia Eagles,20,37,57,-17
2024-11-26,Los Angeles Chargers,Baltimore Ravens,23,30,53,-7
2024-11-28,Detroit Lions,Chicago Bears,23,20,43,3
2024-11-28,Dallas Cowboys,New York Giants,27,20,47,7
2024-11-29,Green Bay Packers,Miami Dolphins,30,17,47,13
2024-11-29,Kansas City Chiefs,Las Vegas Raiders,19,17,36,2
2024-12-01,Atlanta Falcons,Los Angeles Chargers,13,17,30,-4
2024-12-01,Cincinnati Bengals,Pittsburgh Steelers,38,44,82,-6
2024-12-01,Minnesota Vikings,Arizona Cardinals,23,22,45,1
2024-12-01,New England Patriots,Indianapolis Colts,24,25,49,-1
2024-12-01,New York Jets,Seattle Seahawks,21,26,47,-5
2024-12-01,Washington Commanders,Tennessee Titans,42,19,61,23
2024-12-01,Jacksonville Jaguars,Houston Texans,20,23,43,-3
2024-12-01,New Orleans Saints,Los Angeles Rams,14,21,35,-7
2024-12-01,Carolina Panthers,Tampa Bay Buccaneers,23,26,49,-3
2024-12-01,Baltimore Ravens,Philadelphia Eagles,19,24,43,-5
2024-12-02,Buffalo Bills,San Francisco 49ers,35,10,45,25
2024-12-03,Denver Broncos,Cleveland Browns,41,32,73,9
2024-12-06,Detroit Lions,Green Bay Packers,34,31,65,3
2024-12-08,Tennessee Titans,Jacksonville Jaguars,6,10,16,-4
2024-12-08,Miami Dolphins,New York Jets,32,26,58,6
2024-12-08,Minnesota Vikings,Atlanta Falcons,42,21,63,21
2024-12-08,New York Giants,New Orleans Saints,11,14,25,-3
2024-12-08,Philadelphia Eagles,Carolina Panthers,22,16,38,6
2024-12-08,Pittsburgh Steelers,Cleveland Browns,27,14,41,13
2024-12-08,Tampa Bay Buccaneers,Las Vegas Raiders,28,13,41,15
2024-12-08,Arizona Cardinals,Seattle Seahawks,18,30,48,-12
2024-12-08,Los Angeles Rams,Buffalo Bills,44,42,86,2
2024-12-08,San Francisco 49ers,Chicago Bears,38,13,51,25
2024-12-09,Kansas City Chiefs,Los Angeles Chargers,19,17,36,2
2024-12-10,Dallas Cowboys,Cincinnati Bengals,20,27,47,-7
2024-12-13,San Francisco 49ers,Los Angeles Rams,6,12,18,-6
2024-12-15,Cleveland Browns,Kansas City Chiefs,7,21,28,-14
2024-12-15,Tennessee Titans,Cincinnati Bengals,27,37,64,-10
2024-12-15,New Orleans Saints,Washington Commanders,19,20,39,-1
2024-12-15,New York Giants,Baltimore Ravens,14,35,49,-21
2024-12-15,Carolina Panthers,Dallas Cowboys,14,30,44,-16
2024-12-15,Jacksonville Jaguars,New York Jets,25,32,57,-7
2024-12-15,Houston Texans,Miami Dolphins,20,12,32,8
2024-12-15,Denver Broncos,Indianapolis Colts,31,13,44,18
2024-12-15,Detroit Lions,Buffalo Bills,42,48,90,-6
2024-12-15,Philadelphia Eagles,Pittsburgh Steelers,27,13,40,14
2024-12-15,Arizona Cardinals,New England Patriots,30,17,47,13
2024-12-15,Los Angeles Chargers,Tampa Bay Buccaneers,17,40,57,-23
2024-12-16,Seattle Seahawks,Green Bay Packers,13,30,43,-17
2024-12-17,Minnesota Vikings,Chicago Bears,30,12,42,18
2024-12-17,Las Vegas Raiders,Atlanta Falcons,9,15,24,-6
2024-12-20,Los Angeles Chargers,Denver Broncos,34,27,61,7
2024-12-21,Kansas City Chiefs,Houston Texans,27,19,46,8
2024-12-21,Baltimore Ravens,Pittsburgh Steelers,34,17,51,17
2024-12-22,Cincinnati Bengals,Cleveland Browns,24,6,30,18
2024-12-22,Atlanta Falcons,New York Giants,34,7,41,27
2024-12-22,Chicago Bears,Detroit Lions,17,34,51,-17
2024-12-22,Indianapolis Colts,Tennessee Titans,38,30,68,8
2024-12-22,New York Jets,Los Angeles Rams,9,19,28,-10
2024-12-22,Washington Commanders,Philadelphia Eagles,36,33,69,3
2024-12-22,Carolina Panthers,Arizona Cardinals,36,30,66,6
2024-12-22,Seattle Seahawks,Minnesota Vikings,24,27,51,-3
2024-12-22,Buffalo Bills,New England Patriots,24,21,45,3
2024-12-22,Las Vegas Raiders,Jacksonville Jaguars,19,14,33,5
2024-12-22,Miami Dolphins,San Francisco 49ers,29,17,46,12
2024-12-23,Dallas Cowboys,Tampa Bay Buccaneers,26,24,50,2
2024-12-24,Green Bay Packers,New Orleans Saints,34,0,34,34
2024-12-25,Pittsburgh Steelers,Kansas City Chiefs,10,29,39,-19
2024-12-25,Houston Texans,Baltimore Ravens,2,31,33,-29
2024-12-27,Chicago Bears,Seattle Seahawks,3,6,9,-3
2024-12-28,New England Patriots,Los Angeles Chargers,7,40,47,-33
2024-12-28,Cincinnati Bengals,Denver Broncos,30,24,54,6
2024-12-29,Los Angeles Rams,Arizona Cardinals,13,9,22,4
2024-12-29,New York Giants,Indianapolis Colts,45,33,78,12
2024-12-29,Buffalo Bills,New York Jets,40,14,54,26
2024-12-29,New Orleans Saints,Las Vegas Raiders,10,25,35,-15
2024-12-29,Tampa Bay Buccaneers,Carolina Panthers,48,14,62,34
2024-12-29,Jacksonville Jaguars,Tennessee Titans,20,13,33,7
2024-12-29,Philadelphia Eagles,Dallas Cowboys,41,7,48,34
2024-12-29,Cleveland Browns,Miami Dolphins,3,20,23,-17
2024-12-29,Minnesota Vikings,Green Bay Packers,27,25,52,2
2024-12-30,Washington Commanders,Atlanta Falcons,30,24,54,6
2024-12-31,San Francisco 49ers,Detroit Lions,34,40,74,-6
2025-01-04,Baltimore Ravens,Cleveland Browns,35,10,45,25
2025-01-05,Pittsburgh Steelers,Cincinnati Bengals,17,19,36,-2
2025-01-05,Atlanta Falcons,Carolina Panthers,38,44,82,-6
2025-01-05,Dallas Cowboys,Washington Commanders,19,23,42,-4
2025-01-05,Green Bay Packers,Chicago Bears,22,24,46,-2
2025-01-05,Tennessee Titans,Houston Texans,14,23,37,-9
2025-01-05,Indianapolis Colts,Jacksonville Jaguars,26,23,49,3
2025-01-05,New England Patriots,Buffalo Bills,23,16,39,7
2025-01-05,Philadelphia Eagles,New York Giants,20,13,33,7
2025-01-05,Tampa Bay Buccaneers,New Orleans Saints,27,19,46,8
2025-01-05,Denver Broncos,Kansas City Chiefs,38,0,38,38
2025-01-05,Las Vegas Raiders,Los Angeles Chargers,20,34,54,-14
2025-01-05,Los Angeles Rams,Seattle Seahawks,25,30,55,-5
2025-01-05,New York Jets,Miami Dolphins,32,20,52,12
2025-01-05,Arizona Cardinals,San Francisco 49ers,47,24,71,23
2025-01-06,Detroit Lions,Minnesota Vikings,31,9,40,22
2025-01-11,Houston Texans,Los Angeles Chargers,32,12,44,20
2025-01-12,Baltimore Ravens,Pittsburgh Steelers,28,14,42,14
2025-01-12,Buffalo Bills,Denver Broncos,31,7,38,24
2025-01-12,Philadelphia Eagles,Green Bay Packers,22,10,32,12
2025-01-13,Tampa Bay Buccaneers,Washington Commanders,20,23,43,-3
2025-01-14,Los Angeles Rams,Minnesota Vikings,27,9,36,18
2025-01-18,Kansas City Chiefs,Houston Texans,23,14,37,9
2025-01-19,Detroit Lions,Washington Commanders,31,45,76,-14
2025-01-19,Philadelphia Eagles,Los Angeles Rams,28,22,50,6
2025-01-19,Buffalo Bills,Baltimore Ravens,27,25,52,2
2025-01-26,Philadelphia Eagles,Washington Commanders,55,23,78,32
2025-01-26,Kansas City Chiefs,Buffalo Bills,32,29,61,3
2025-02-09,Philadelphia Eagles,Kansas City Chiefs,40,22,62,18
